Transcript;Gene;Forward;Tm;Reverse;Tm;Amplicon (bp)
ENST00000290649;AMFR;CTCTTCGTGTGGGTTCTAGT ;54.4 C;GCTGTCTCTCACTCACTCG;54.3 C;106
ENST00000237654;CCNI;GCACAGATGGATAGCTCC;53.9 C;CTTTGTCACAGGTCACCA;53.4 C;139
ENST00000263645;CD81;TTCGTCTTCTGGCTGGCT;59.7 C;CACAGCGATGAGGATGTAGA;57.3 C;150
ENST00000451728;CNBP;TCGGATAGAGGTTTCCAG ;53.5 C; GCAGTTATAGCAGGCTTCATC;56.8 C;120
ENST00000314133;COX8A;TCATGGAATTGGCCGTTG;61.5 C;CACAGTGTGAGGGACAGAACG;61.8 C;129
ENST00000217131;CTSZ;CAGCTGTGGAATAATGGC ;55.0 C; TGCTGGTCACGATCCTCA;59.9 C;200
ENST00000224073;EDF1;AGAAGGACCTGGCCACGAA ;63.1 C; CCGGAGCTTGAGGCCAAT;63.6 C;125
ENST00000309311;EEF2; TGAACAAGATGGACCGCG;61.8 C; GGATCGATCATGATGTTGCC;61.3 C;151
ENST00000253039;EIF2S3; GGCGTTTAATTGGTTGGG ;58.8 C; CCAACTTCCAAATCCATCCG;62.5 C;112
ENST00000447750;GDI1;CGCACTGATGACTACCTGGA;59.9 C;CCCATAGATGGCACTCAATC;58.0 C;162
ENST00000395068;GRINA;CCGCAAGGTGTTCCTAGTG ;59.3 C; GACATTCTCCCGGACAAAG;58.1 C;106
ENST00000371646;HSP90AB1;AGTGTTGGGACTGTCTGG ;54.0 C;CACTTCCTCAGGCATCTTG;56.8 C;90
ENST00000417647;IK ; AGCAAGCTGACCCAGATCC;60.4 C; TATTCATGTCAGCCTCAGGAGG;61.5 C;115
ENST00000302418;KIF5B; TGATCGCGTCCAAGCCTTA ;62.8 C; GTGTCTTCCCAGAGGATGTTTG;60.9 C;159
ENST00000175091;LAPTM4A;TGACCGGTTCTACAGCAC;55.5 C;TACTACCATGTACCAGGTCC;52.3 C;85
ENST00000534585;MAF1; CCAGGCAGGCAATACTAGC;58.5 C;ACAGTCAGCTGTGAGTTGATGG;60.4 C;105
ENST00000340941;MCCC2;TATTCCAGCGCAAGGGTATG ;61.0 C;ATTGGTGCGTTGAGGGCT;61.6 C;98
ENST00000216181;MYH9;AAGAACAAGCTCAGGCGC;59.3 C;GCTGTGGTGTCTGTCTGTCC;59.3 C;180
ENST00000456793;OST4;TACGAAGTTCCGGTCCAGGT;61.8 C;CACGTCCGTGATCATCCTGA;63.2 C;90
ENST00000338639;PARK7; GCTGGCGTGCGTTCATTT ;63.3 C; ATGTTTACAAGCCTGCACCC;60.0 C;103
ENST00000303577;PCBP1;GGTGTGACTGAAAGTGGACT;55.0 C;GCCGGTCAGAGTGATGAT;56.9 C;180
ENST00000360472;PEA15;AGGCGTCATGGCTGAGTA;57.9 C;AGAGGTTGTCTTTGTCCAGC;56.9 C;188
ENST00000373232;PPA1;GGATGCTTTACCACCACC ;56.2 C;CCAGATGAACACGATGTAGC;56.7 C;132
ENST00000300026;PPIB;TCTAGAGGGCATGGAGGT ;55.6 C;TGCACAGACGGTCACTCA;58.3 C;174
ENST00000265462;PRDX5; TTCCAAGACACACCTGCCA ;61.3 C;AACCTTGCCTTCCGCCTT;62.1 C;142
ENST00000394936;PSAP;GGACTGCATTCAGATGGTGAC;60.5 C;TCCTTGGGTTGCATGTGC;61.7 C;192
ENST00000262193;PSMB1;CGGAGGTACTATACTGGCA ;53.8 C;GTCAGCGTAAGACAGTCTCC;55.0 C;171
ENST00000361611;PSMB5;TGTCCCAGAAGAGCCAGGA ;61.9 C; TATGACTCCATGGCGGAACTTG;64.4 C;76
ENST00000328024;RAB11B;TCCTCACAGAGATCTACCGC;58.0 C;ACAGGTTCTGGCAGCACT;56.8 C;153
ENST00000311481;RAB1B; GCTGATGACACGTACACAG ;53.2 C;CTGTGTCCCAGATCTGAAGT;55.1 C;109
ENST00000265062;RAB7A;GGAGTCTTGGCCATAAAGC;57.3 C;AGAGGTCATCCTTCAAACGC;59.3 C;196
ENST00000297338;RAD21; CCAGCAACAGCAGCATCAG;61.8 C; TGAGGAGGCATCACAGGCT;62.0 C;189
ENST00000418115;RHOA;TCTCCTACCCAGATACCGATG ;59.0 C;ACCGGCTCCTGCTTCATCT;62.3 C;202
ENST00000559463;RPL28; AGTTCTCTGTGTCTGACGC ;53.6 C; AGTTATTGGGCTCAGTGC;53.6 C;146
ENST00000298289;RPL36AL;GGGCGCTGTTTCTCGTTT ;61.3 C;TCCTTCCCTGGGCATACA;60.0 C;166
ENST00000257013;RTL8C;GCGTAGTGCTTGCCTTTG;58.2 C;CCAGTGTGTAACAGGAGCC;56.6 C;172
ENST00000339697;SERINC1;TCCAGCATCCGTACTTCA ;56.1 C; CTACAGCTCGGTGAACATC;54.2 C;136
ENST00000335508;SF3B1;CAGAGAGAGATACTCCTGGGC ;58.1 C; CTGACTAGCTGGTGTTTCATCC;58.9 C;140
ENST00000503362;SPCS3;AGACGATCGCGATGAACACG ;64.6 C; TTAGCATGATCCGCGAGACG;64.6 C;156
ENST00000229563;TMEM14C;ACACTGCGCAGGCACAAC ;62.2 C; CTGCACCGGTCTCACGAA;62.1 C;153
