Transcript_ID;Gene_name;Forward;Tm;Reverse;Tm;Amplicon (bp)
ENSMUST00000034966;Rpl4; CGCAACATCCCTGGTATTAC ;58.0 C;TGTGCATGGGCAGGTTATAG;59.6 C;184
ENSMUST00000000137;Actr2; GCCGACATTGATACCAGATC ;58.0 C; AGCTCTCGTTCCAACCTCG;60.5 C;98
ENSMUST00000005017;Hdgf; CATGAGAGCCTGTAGCCAC ;56.9 C; GTGGGCTTAGAGGAGAGAG;54.1 C;159
ENSMUST00000059250;Brms1l; AGGAAGGCAATGGCTACAC ;57.8 C;ACAGCACTTGTGGGACACTC;58.7 C;179
ENSMUST00000046963;Map2k4; CCGTATATGGCACCTGAAAG ;58.1 C;CTGTGGCCAACTCGTACA;56.6 C;106
ENSMUST00000042390;Man1b1;TTCAACATGTACCCTCGG ;55.2 C; GGACCCGTGTGTACTTATTG;55.5 C;181
ENSMUST00000043584;Tubb4b;AATGTTGGCAGAGCGTCG ;61.0 C;GCTGATTACCTCCCAGAACTTG;60.1 C;165
ENSMUST00000116234;Arl1;GATGAGGCAATGGAATGG ;57.3 C; GTGATGTAGCGTTGGCTC;55.1 C;88
ENSMUST00000099490;Nsd1;GGCATAAGGTTCCTCAGA ;53.5 C; GCATATCTTCCTCACTGTCC;54.7 C;138
ENSMUST00000020637;Canx;TCTTAGTTCTGCGGCACG;58.7 C; CCCTTCCATGATCTATCTCG;57.1 C;137
ENSMUST00000044148;Alg2;AACCACTGCTTCATCGAGAC ;57.9 C;AGACACCTGGTCGCACAC;58.1 C;186
ENSMUST00000180376;Fam193a;GAGGCTACTTCGAGACTCC;54.1 C;GCTCGCAGTCTTAACTCC;53.5 C;137
ENSMUST00000020238;Hsp90b1;AAAGGACTTGCGACTCGCC;62.8 C; ATCAGCTCTGACGAACCCGA;63.3 C;96
ENSMUST00000112121;Mlec;TGGGACAGTAGACGATGTACC ;57.5 C;GCTGTTGTCCGAGGCATA;58.3 C;172
ENSMUST00000005108;Kdm5a;GATACAGCCATGGTGGTG ;55.5 C; AACCCACTGGCTGTCTTG;57.1 C;155
ENSMUST00000030164;Vcp;TCGGCTATGGAGGTAGAAGA ;57.5 C; ATCGCTGACAGAACGTCG;58.5 C;96
ENSMUST00000026122;P4hb;GGAATATACAGCTGGCAGGGA;61.3 C; TGACCGTCACTTCGCTTGA;61.6 C;131
ENSMUST00000003912;Calr;GTTTGGTCCGGACATCTGC ;61.5 C; CCGGATATCCTTGTTGATCAGC;62.9 C;94
ENSMUST00000120381;Stt3a;TGTTTCTGAGCACCAGCC ;58.4 C; GAGGCCAACTGGAAACATG;59.1 C;82
ENSMUST00000166123;Eif5;TGAGATCGACGTGCATGC ;60.6 C; GGCGACCTCTGGAATGTTCT;61.6 C;161
ENSMUST00000028981;Mapre1;GGTCCTGAGAAAGCCGAAG;59.9 C; TCATTGATCCAAGCCAGC;58.2 C;96
ENSMUST00000058884;Parn;CAGGAAGTGTCTCGGATAGC ;57.5 C; CAGTATGGCTTCCAAGCA;55.8 C;104
ENSMUST00000179343;Purb;CATCACCGTGGACTCGAAG ;60.3 C; ATTGCGGTAGGACGGCTTC;62.4 C;97
