Transcript,Gene,Forward,Tm,Reverse,Tm
ENST00000394936,PSAP,GGACTGCATTCAGATGGTGAC,60.5 C,TCCTTGGGTTGCATGTGC,61.7 C
ENST00000216181,MYH9,AAGAACAAGCTCAGGCGC,59.3 C,GCTGTGGTGTCTGTCTGTCC,59.3 C
ENST00000409614,SERF2,CCGCGTCTCACCTTTAAT,56.3 C,ATCTCCGAGTCCCTCTGCT,58.9 C
ENST00000303577,PCBP1,GGTGTGACTGAAAGTGGACT,55.0 C,GCCGGTCAGAGTGATGAT,56.9 C
ENST00000360472,PEA15,AGGCGTCATGGCTGAGTA,57.9 C,AGAGGTTGTCTTTGTCCAGC,56.9 C
ENST00000263645,CD81,TTCGTCTTCTGGCTGGCT,59.7 C,CACAGCGATGAGGATGTAGA,57.3 C
ENST00000357156,DYNLRB1,GATCGGTCGGAAATGGCAG,63.9 C,CTTGATGGGAATGCCTTCTG,60.6 C
ENST00000175091,LAPTM4A,TGACCGGTTCTACAGCAC,55.5 C,TACTACCATGTACCAGGTCC,52.3 C
ENST00000447750,GDI1,CGCACTGATGACTACCTGGA,59.9 C,CCCATAGATGGCACTCAATC,58.0 C
ENST00000456793,OST4,TACGAAGTTCCGGTCCAGGT,61.8 C,CACGTCCGTGATCATCCTGA,63.2 C
ENST00000257013,RTL8C,GCGTAGTGCTTGCCTTTG,58.2 C,CCAGTGTGTAACAGGAGCC,56.6 C
ENST00000314133,COX8A,TCATGGAATTGGCCGTTG,61.5 C,CACAGTGTGAGGGACAGAACG,61.8 C
ENST00000339697,SERINC1,TCCAGCATCCGTACTTCA ,56.1 C, CTACAGCTCGGTGAACATC,54.2 C
ENST00000328024,RAB11B,TCCTCACAGAGATCTACCGC,58.0 C,ACAGGTTCTGGCAGCACT,56.8 C
ENST00000217131,CTSZ,CAGCTGTGGAATAATGGC ,55.0 C, TGCTGGTCACGATCCTCA,59.9 C
ENST00000262193,PSMB1,CGGAGGTACTATACTGGCA ,53.8 C,GTCAGCGTAAGACAGTCTCC,55.0 C
ENST00000265462,PRDX5, TTCCAAGACACACCTGCCA ,61.3 C,AACCTTGCCTTCCGCCTT,62.1 C
ENST00000373232,PPA1,GGATGCTTTACCACCACC ,56.2 C,CCAGATGAACACGATGTAGC,56.7 C
ENST00000335508,SF3B1,CAGAGAGAGATACTCCTGGGC ,58.1 C, CTGACTAGCTGGTGTTTCATCC,58.9 C
ENST00000290649,AMFR,CTCTTCGTGTGGGTTCTAGT ,54.4 C,GCTGTCTCTCACTCACTCG,54.3 C
ENST00000237654,CCNI,GCACAGATGGATAGCTCC,53.9 C,CTTTGTCACAGGTCACCA,53.4 C
ENST00000332556,LAMP1,AACGCCGCTGTCTCTAACG,61.5 C,CACAATGCATGAGGCCGA,62.9 C
ENST00000300026,PPIB,TCTAGAGGGCATGGAGGT ,55.6 C,TGCACAGACGGTCACTCA,58.3 C
ENST00000224073,EDF1,AGAAGGACCTGGCCACGAA ,63.1 C, CCGGAGCTTGAGGCCAAT,63.6 C
ENST00000338639,PARK7, GCTGGCGTGCGTTCATTT ,63.3 C, ATGTTTACAAGCCTGCACCC,60.0 C
ENST00000236671,CTSD, GTGCAAACACGCGGGTCA ,65.4 C, AACTTGTGCAGCGGGATCCT,64.3
ENST00000559463,RPL28, AGTTCTCTGTGTCTGACGC ,53.6 C, AGTTATTGGGCTCAGTGC,53.6 C
ENST00000265062,RAB7A,GGAGTCTTGGCCATAAAGC,57.3 C,AGAGGTCATCCTTCAAACGC,59.3 C
ENST00000309311,EEF2, TGAACAAGATGGACCGCG,61.8 C, GGATCGATCATGATGTTGCC,61.3 C
ENST00000418115,RHOA,TCTCCTACCCAGATACCGATG ,59.0 C,ACCGGCTCCTGCTTCATCT,62.3 C
ENST00000311481,RAB1B, GCTGATGACACGTACACAG ,53.2 C,CTGTGTCCCAGATCTGAAGT,55.1 C
ENST00000298289,RPL36AL,GGGCGCTGTTTCTCGTTT ,61.3 C,TCCTTCCCTGGGCATACA,60.0 C
